{"_timestamp":1.7440302822906797e+09,"train/loss":0.0827,"train_samples_per_second":3.518,"_step":414,"train_runtime":17055.5233,"eval/samples_per_second":25.368,"eval/recall":0.9581999778747559,"eval/steps_per_second":6.342,"train_steps_per_second":0.22,"eval/auroc":0.9892690181732178,"test_loss":0.16532965004444122,"_wandb":{"runtime":18040},"train/epoch":3,"test_accuracy":0.9581999778747559,"eval/f1":0.9581975936889648,"eval/runtime":985.4787,"eval/loss":0.16532965004444122,"train_loss":0.15362666979034742,"train/global_step":3750,"train/learning_rate":6.756756756756757e-08,"_runtime":18040.846095099,"train/grad_norm":12.764200210571289,"eval/accuracy":0.9581999778747559,"eval/precision":0.958304762840271,"total_flos":1.86874853326848e+17}