{"eval/f1":0.4757809042930603,"train/loss":0.8294,"train/global_step":100,"_timestamp":1.7440085915900197e+09,"eval/precision":0.5287667512893677,"_runtime":261.002584888,"train/grad_norm":9.02016830444336,"eval/auroc":0.5315723419189453,"eval/runtime":166.8705,"eval/accuracy":0.5185999870300293,"eval/samples_per_second":29.963,"eval/recall":0.5192888975143433,"_step":10,"eval/steps_per_second":3.745,"train/learning_rate":4.873972602739726e-05,"eval/loss":0.826495885848999,"train/epoch":0.16,"_wandb":{"runtime":262}}