{"eval/precision":0.9489837288856506,"train_steps_per_second":1.393,"train/loss":0.0623,"eval/loss":0.21115989983081818,"_step":207,"_runtime":1424.251912795,"eval/samples_per_second":318.378,"train_loss":0.1581133329153061,"train_runtime":1345.7764,"train/epoch":3,"total_flos":1.578666295296e+16,"eval/f1":0.9488770961761475,"_timestamp":1.743954895120832e+09,"eval/auroc":0.9879781603813171,"train_samples_per_second":44.584,"_wandb":{"runtime":1424},"eval/accuracy":0.9488800168037415,"eval/recall":0.9488800168037415,"train/global_step":1875,"eval/runtime":78.5231,"test_accuracy":0.9488800168037415,"train/learning_rate":2.465753424657534e-07,"train/grad_norm":0.044210948050022125,"eval/steps_per_second":39.797,"test_loss":0.21115989983081818}