{"eval/precision":0.5204885005950928,"eval/auroc":0.5230129957199097,"eval/samples_per_second":29.45,"train/learning_rate":4.873972602739726e-05,"eval/accuracy":0.5127999782562256,"_timestamp":1.7440090979870622e+09,"train/epoch":0.16,"eval/runtime":169.778,"eval/loss":0.8469885587692261,"eval/recall":0.5135008692741394,"train/loss":0.8738,"train/global_step":100,"eval/f1":0.4677942097187042,"eval/steps_per_second":3.681,"_runtime":261.323972045,"_step":10,"train/grad_norm":10.94512939453125,"_wandb":{"runtime":261}}